-- PRODUCTS
INSERT INTO products (sku, name, type) VALUES
  ('PM-BRAIN2-BL-67-008-HC2', 'Brainpod 2.0 / 67'' / Black / H&C / 1.0HP', 'kit'),
  ('PM-BRAIN2-WT-67-008-HC2', 'Brainpod 2.0 / 67'' / White / H&C / 1.0HP', 'kit'),
  ('PM-BRAIN2-BL-71-008-HC2', 'Brainpod 2.0 / 71'' / Black / H&C / 1.0HP', 'kit'),
  ('PM-BRAIN2-WT-71-008-HC2', 'Brainpod 2.0 / 71'' / White / H&C / 1.0HP', 'kit'),
  ('PM-BRAIN2-BL-67-1-C2', 'Brainpod 2.0 / 67'' / Black / Commercial / 1.0HP', 'kit'),
  ('PM-BRAIN2-BL-67-15-C2', 'Brainpod 2.0 / 67'' / Black / Commercial / 1.5HP', 'kit'),
  ('PM-BRAIN2-WT-67-1-C2', 'Brainpod 2.0 / 67'' / White / Commercial / 1.0HP', 'kit'),
  ('PM-BRAIN2-WT-67-15-C2', 'Brainpod 2.0 / 67'' / White / Commercial / 1.5HP', 'kit'),
  ('PM-BRAIN2-BL-71-1-C2', 'Brainpod 2.0 / 71'' / Black / Commercial / 1.0HP', 'kit'),
  ('PM-BRAIN2-WT-71-1-C', 'Brainpod 2.0 / 71'' / White / Commercial / 1.0HP', 'kit'),
  ('PM-BRAIN2-WT-71-15-C', 'Brainpod 2.0 / 71'' / White / Commercial / 1.5HP', 'kit'),
  ('PM-CYBER-08-HC2', 'Cyber Plunge / H&C / 1.0HP', 'kit'),
  ('PM-CYBER-10-EP-C2', 'Cyber Plunge / Commercial / 1.0HP', 'kit'),
  ('PM-CYBER-15-EP-C2', 'Cyber Plunge / Commercial / 1.5HP', 'kit'),
  ('PM-CYBER-BARREL-08-HC2', 'Cyber Barrel Silver / H&C / 1.0HP', 'kit'),
  ('PM-CYBER-BARREL-BL-08-HC2', 'Cyber Barrel Black / H&C / 1.0HP', 'kit'),
  ('PM-CYBER-BARREL-10-EP-C2', 'Cyber Barrel Silver / Commercial / 1.0HP', 'kit'),
  ('PM-CYBER-BARREL-15-EP-C2', 'Cyber Barrel Silver / Commercial / 1.5HP', 'kit'),
  ('PM-CYBER-BARREL-BL-10-EP-C2', 'Cyber Barrel Black / Commercial / 1.0HP', 'kit'),
  ('PM-CYBER-BARREL-BL-15-EP-C2', 'Cyber Barrel Black / Commercial / 1.5HP', 'kit'),
  ('PM-ST2-WD-008-HC2', 'Star Treatment 2.0 / Wood / H&C / 1.0HP', 'kit'),
  ('PM-ST2-WD-10-C2', 'Star Treatment 2.0 / Wood / Commercial / 1.0HP', 'kit'),
  ('PM-ST2-WD-15-C2', 'Star Treatment 2.0 / Wood / Commercial / 1.5HP', 'kit'),
  ('PM-ST2-GR-008-HC2', 'Star Treatment 2.0 / Grey / H&C / 1.0HP', 'kit'),
  ('PM-ST2-GR-10-C2', 'Star Treatment 2.0 / Grey / Commercial / 1.0HP', 'kit'),
  ('PM-ST2-GR-15-C2', 'Star Treatment 2.0 / Grey / Commercial / 1.5HP', 'kit'),
  ('PM-CONTRAST-008-HC', 'Contrast Edition / H&C / Residential / 1.0HP', 'kit'),
  ('PM-CONTRAST-15-HC', 'Contrast Edition / H&C / Commercial / 1.5HP', 'kit'),
  ('PM-PORTAL2-BL-5-008-HC2', 'Portal 2.0 / 5Ft / Black / H&C / 1.0HP', 'kit'),
  ('PM-PORTAL2-BL-5-1-C', 'Portal 2.0 / 5Ft / Black / Commercial / 1.0HP', 'kit'),
  ('PM-EP-COM-SYSTEM', 'Commercial System 1.0 HP', 'kit'),
  ('PM-EP-COM-SYSTEM-15', 'Commercial System 1.5 HP', 'kit'),
  ('PM-CAREKIT-6MSK-6F-COM', '6 Month Care Kit - Commercial', 'kit'),
  ('PM-CAREKIT-6MSK-6F-PRO', '6 Month Care Kit - Pro', 'kit'),
  ('PM-CAREKIT-6MSK-6F-STD', '6 Month Care Kit - Standard', 'kit'),
  ('PM-SIR-6M-RES', '6 Month Sanitation Kit', 'kit'),
  ('PM-FIL-PM001-x2', 'Filter 1.0HP Commercial - 2-Pack', 'kit'),
  ('PM-FIL-PM001-x4', 'Filter 1.0HP Commercial - 4-Pack', 'kit'),
  ('PM-FIL-PM006-x3', 'Filter Cartridge 0.6HP - 3-Pack', 'kit'),
  ('PM-FIL-PM006-x6', 'Filter Cartridge 0.6HP - 6-Pack', 'kit'),
  ('PM-FIL-PM008-x3', 'Filter Cartridge 0.8HP - 3-Pack', 'kit'),
  ('PM-FIL-PM008-x6', 'Filter Cartridge 0.8HP - 6-Pack', 'kit'),
  ('PM-FIL-PM008-x12', 'Filter Cartridge 0.8HP - 12-Pack', 'kit'),
  ('PM-HOSE-FILTERS-x2', 'Hose Filter 2-Pack', 'kit'),
  ('PM-AU-AURA', 'Aura Cabin Sauna Kit', 'component'),
  ('PM-AU-MIRA-L', 'Mira L Cabin Sauna Kit', 'component'),
  ('PM-AU-MIRA-S', 'Mira S Cabin Sauna Kit', 'component'),
  ('PM-AUTODOSER-CASE', 'Autodoser Case', 'component'),
  ('PM-BACKPACK-BL', 'Black Backpack', 'component'),
  ('PM-BACKPACK-GE', 'Green Backpack', 'component'),
  ('PM-BACKPACK-GR', 'Grey Backpack', 'component'),
  ('PM-BARREL-SAU-V1', 'Barrel Sauna 1.0', 'component'),
  ('PM-BRAIN67-BL-TUB', 'Brainpod Black Tub 67''', 'component'),
  ('PM-BRAIN67-WT-TUB', 'Brainpod White Tub 67''', 'component'),
  ('PM-BRAIN71-BL-TUB', 'Brainpod Black Tub 71''', 'component'),
  ('PM-BRAIN71-BL-TUB-GLOSS', 'Brainpod Black Tub 71'' Gloss', 'component'),
  ('PM-BRAIN71-MV-BL-TUB', 'Brainpod Black Monkeyverse Tub 71''', 'component'),
  ('PM-BRAIN71-WT-TUB', 'Brainpod White Tub 71''', 'component'),
  ('PM-CABLEBOX', 'Waterproof Commercial System Box', 'component'),
  ('PM-CAP', 'Polar Monkeys Cap', 'component'),
  ('PM-CHIL-008-HC', 'Chiller 0.8 HP', 'component'),
  ('PM-CHIL-008-HC-220', 'Chiller 1.0 HP Residential 220v', 'component'),
  ('PM-CHIL-05-C', 'Chiller 0.5 HP PM Cooling', 'component'),
  ('PM-CHIL-05-HC', 'Chiller 0.5 HP PM H&C', 'component'),
  ('PM-CHIL-EP-05-C', 'Chiller 0.5 HP EP Cooling', 'component'),
  ('PM-CHIL-EP-10-C', 'Chiller 1.0 HP EP Cooling', 'component'),
  ('PM-CHIL-EP-15-C', 'Chiller 1.5 HP EP Cooling', 'component'),
  ('PM-CHIL-PM-10-C', 'Chiller 1.0 HP PM Cooling', 'component'),
  ('PM-CHIL-SERIAL-10-HC', 'Serial Chiller 1.0 HP H&C', 'component'),
  ('PM-CONTRAST-TUB', 'Contrast Therapy Tub', 'component'),
  ('PM-COOLER-BAG-BL', 'Cooler Bag Black', 'component'),
  ('PM-COVER-BRAIN67', 'Insulated Cover Brainpod 67', 'component'),
  ('PM-COVER-BRAIN67-USA', 'Insulated Cover Brainpod 67 USA', 'component'),
  ('PM-COVER-BRAIN71', 'Insulated Cover Brainpod XL', 'component'),
  ('PM-COVER-CYBER-BARREL', 'Insulated Cover Cyber Barrel', 'component'),
  ('PM-COVER-CYBER-TUB', 'Insulated Cover Cyber Plunge', 'component'),
  ('PM-COVER-PORTAL-4', 'Insulated Cover Portal 4 Ft', 'component'),
  ('PM-COVER-PORTAL-5', 'Insulated Cover Portal 5 Ft', 'component'),
  ('PM-COVER-PORTAL-6', 'Insulated Cover Portal 6 Ft', 'component'),
  ('PM-COVER-ST-GR', 'Insulated Cover Star Treatment Grey 2.0', 'component'),
  ('PM-CYBER-BARREL-BL', 'Cyber Barrel Stainless Steel Black', 'component'),
  ('PM-CYBER-BARREL-TUB', 'Cyber Barrel Stainless Steel Tub', 'component'),
  ('PM-CYBER-TUB', 'Cyber Plunge Stainless Steel Tub', 'component'),
  ('PM-DUFF-BL-001', 'Black Duffle Bag', 'component'),
  ('PM-FIL-CASE-06', 'Filter Case PM 0.6 HP', 'component'),
  ('PM-FIL-CASE-08', 'Filter Case PM 0.8 HP', 'component'),
  ('PM-FIL-CASE-10PM', 'Filter Case PM 1.0 HP', 'component'),
  ('PM-FIL-CASE-10PM-LID', 'Filter Case PM 1.0 HP Lid', 'component'),
  ('PM-FIL-CASE-10PM-RES', 'Filter Case PM 1.0 HP Residential', 'component'),
  ('PM-FIL-PM001', 'Filter Cartridge 1.0HP Commercial', 'component'),
  ('PM-FIL-PM006', 'Filter Cartridge 0.6HP', 'component'),
  ('PM-FIL-PM008', 'Filter Cartridge 0.8HP', 'component'),
  ('PM-GFCI-EXT', 'GFCI Extension Cord', 'component'),
  ('PM-HOSE-FILTERS', 'Hose Filter', 'component'),
  ('PM-HOSE-SET', 'Hose Set', 'component'),
  ('PM-INDOOR-SAU-V1', 'Indoor Sauna 1.0', 'component'),
  ('PM-INF-BL-BARREL', 'Inflatable Barrel Black', 'component'),
  ('PM-INF-BL-TUB', 'Inflatable Tub Black', 'component'),
  ('PM-INF-TUB', 'Inflatable Tub', 'component'),
  ('PM-NEOSOCKS', 'Neoprene Socks', 'component'),
  ('PM-PHOLDER-BL-CLAMP', 'Phone Holder Black with Clamp', 'component'),
  ('PM-PHOLDER-BL-SUC', 'Phone Holder Black with Suction Cups', 'component'),
  ('PM-PHOLDER-WT-CLAMP', 'Phone Holder White with Clamp', 'component'),
  ('PM-PHOLDER-WT-SUC', 'Phone Holder White with Suction Cups', 'component'),
  ('PM-PILLOW-BLACK', 'Waterproof Black Pillow', 'component'),
  ('PM-POR-4F-TUB', 'Portal 4 Ft Silver Tub', 'component'),
  ('PM-POR-5F-TUB', 'Portal Silver 5 Ft Tub', 'component'),
  ('PM-POR-6F-TUB', 'Portal Silver 6 Ft Tub', 'component'),
  ('PM-POUCH-PARTS', 'Pouch Parts', 'component'),
  ('PM-POUCH-SK', 'Sanitation Kit Pouch', 'component'),
  ('PM-PRE-FILTER', 'Pre-Filter', 'component'),
  ('PM-PUMP-10', 'Pump 1056', 'component'),
  ('PM-PUMP-12', 'Pump 1267', 'component'),
  ('PM-PUMP-15', 'Pump 1584', 'component'),
  ('PM-SIR-ALK-UP-COM', 'Sirona Alkalinity Up Commercial', 'component'),
  ('PM-SIR-CLAR-COM', 'Sirona Clarifier Commercial', 'component'),
  ('PM-SIR-DOWN-STANDARD', 'Sirona PH Down', 'component'),
  ('PM-SIR-MC', 'Sirona Measure Cup', 'component'),
  ('PM-SIR-OXI-STANDARD', 'Sirona Oxidizer Standard', 'component'),
  ('PM-SIR-REPL-COM', 'Sirona Replenish Commercial', 'component'),
  ('PM-SIR-SANIT-STANDARD', 'Sirona Sanitizer Standard', 'component'),
  ('PM-SIR-STRIPS-COM', 'Sirona Test Strips Commercial', 'component'),
  ('PM-SIR-STRIPS-STANDARD', 'Sirona Test Strips Standard', 'component'),
  ('PM-SIR-UP-STANDARD', 'Sirona PH Up Standard', 'component'),
  ('PM-SKIMMER-NET', 'Skimmer Net', 'component'),
  ('PM-ST-GR-TUB', 'Star Treatment Grey Tub', 'component'),
  ('PM-ST-WD-TUB', 'Star Treatment Wood Tub', 'component'),
  ('PM-STONESTEEL-BL-TUB', 'Stone Steel Black Tub', 'component'),
  ('PM-STONESTEEL-GR-TUB', 'Stone Steel Grey Tub', 'component'),
  ('PM-TOWEL-MV', 'Monkeyverse Towel', 'component'),
  ('PM-TUMBLER-FCOLD-BL', 'Tumbler F Cold Black', 'component'),
  ('PM-TUMBLER-MONKEY-SS', 'Tumbler Monkey Stainless Steel', 'component'),
  ('PM-WHOOP', 'Whoop Band', 'component'),
  ('PM-WP-BOX', 'Waterproof Commercial System Box', 'component')
ON CONFLICT (sku) DO UPDATE SET name = EXCLUDED.name, type = EXCLUDED.type;

-- BOM
INSERT INTO bom (kit_sku, component_sku, qty_per_kit, variant_group) VALUES
  ('PM-BRAIN2-BL-67-008-HC2', 'PM-BRAIN67-BL-TUB', 1.0, 'Brainpod 2.0'),
  ('PM-BRAIN2-BL-67-008-HC2', 'PM-CHIL-008-HC', 1.0, 'Brainpod 2.0'),
  ('PM-BRAIN2-BL-67-008-HC2', 'PM-COVER-BRAIN67', 1.0, 'Brainpod 2.0'),
  ('PM-BRAIN2-BL-67-008-HC2', 'PM-PILLOW-BLACK', 1.0, 'Brainpod 2.0'),
  ('PM-BRAIN2-BL-67-008-HC2', 'PM-HOSE-FILTERS', 1.0, 'Brainpod 2.0'),
  ('PM-BRAIN2-BL-67-008-HC2', 'PM-PHOLDER-BL-SUC', 1.0, 'Brainpod 2.0'),
  ('PM-BRAIN2-BL-67-008-HC2', 'PM-SKIMMER-NET', 1.0, 'Brainpod 2.0'),
  ('PM-BRAIN2-BL-67-008-HC2', 'PM-POUCH-PARTS', 1.0, 'Brainpod 2.0'),
  ('PM-BRAIN2-WT-67-008-HC2', 'PM-BRAIN67-WT-TUB', 1.0, 'Brainpod 2.0'),
  ('PM-BRAIN2-WT-67-008-HC2', 'PM-CHIL-008-HC', 1.0, 'Brainpod 2.0'),
  ('PM-BRAIN2-WT-67-008-HC2', 'PM-COVER-BRAIN67', 1.0, 'Brainpod 2.0'),
  ('PM-BRAIN2-WT-67-008-HC2', 'PM-PILLOW-BLACK', 1.0, 'Brainpod 2.0'),
  ('PM-BRAIN2-WT-67-008-HC2', 'PM-HOSE-FILTERS', 1.0, 'Brainpod 2.0'),
  ('PM-BRAIN2-WT-67-008-HC2', 'PM-PHOLDER-WT-SUC', 1.0, 'Brainpod 2.0'),
  ('PM-BRAIN2-WT-67-008-HC2', 'PM-SKIMMER-NET', 1.0, 'Brainpod 2.0'),
  ('PM-BRAIN2-WT-67-008-HC2', 'PM-POUCH-PARTS', 1.0, 'Brainpod 2.0'),
  ('PM-BRAIN2-BL-71-008-HC2', 'PM-BRAIN71-BL-TUB', 1.0, 'Brainpod 2.0'),
  ('PM-BRAIN2-BL-71-008-HC2', 'PM-CHIL-008-HC', 1.0, 'Brainpod 2.0'),
  ('PM-BRAIN2-BL-71-008-HC2', 'PM-COVER-BRAIN71', 1.0, 'Brainpod 2.0'),
  ('PM-BRAIN2-BL-71-008-HC2', 'PM-PILLOW-BLACK', 1.0, 'Brainpod 2.0'),
  ('PM-BRAIN2-BL-71-008-HC2', 'PM-HOSE-FILTERS', 1.0, 'Brainpod 2.0'),
  ('PM-BRAIN2-BL-71-008-HC2', 'PM-PHOLDER-BL-SUC', 1.0, 'Brainpod 2.0'),
  ('PM-BRAIN2-BL-71-008-HC2', 'PM-SKIMMER-NET', 1.0, 'Brainpod 2.0'),
  ('PM-BRAIN2-BL-71-008-HC2', 'PM-POUCH-PARTS', 1.0, 'Brainpod 2.0'),
  ('PM-BRAIN2-WT-71-008-HC2', 'PM-BRAIN71-WT-TUB', 1.0, 'Brainpod 2.0'),
  ('PM-BRAIN2-WT-71-008-HC2', 'PM-CHIL-008-HC', 1.0, 'Brainpod 2.0'),
  ('PM-BRAIN2-WT-71-008-HC2', 'PM-COVER-BRAIN71', 1.0, 'Brainpod 2.0'),
  ('PM-BRAIN2-WT-71-008-HC2', 'PM-PILLOW-BLACK', 1.0, 'Brainpod 2.0'),
  ('PM-BRAIN2-WT-71-008-HC2', 'PM-HOSE-FILTERS', 1.0, 'Brainpod 2.0'),
  ('PM-BRAIN2-WT-71-008-HC2', 'PM-PHOLDER-WT-SUC', 1.0, 'Brainpod 2.0'),
  ('PM-BRAIN2-WT-71-008-HC2', 'PM-SKIMMER-NET', 1.0, 'Brainpod 2.0'),
  ('PM-BRAIN2-WT-71-008-HC2', 'PM-POUCH-PARTS', 1.0, 'Brainpod 2.0'),
  ('PM-BRAIN2-BL-67-1-C2', 'PM-BRAIN67-BL-TUB', 1.0, 'Brainpod 2.0'),
  ('PM-BRAIN2-BL-67-1-C2', 'PM-COVER-BRAIN67', 1.0, 'Brainpod 2.0'),
  ('PM-BRAIN2-BL-67-1-C2', 'PM-CHIL-EP-10-C', 1.0, 'Brainpod 2.0'),
  ('PM-BRAIN2-BL-67-1-C2', 'PM-FIL-CASE-10PM', 1.0, 'Brainpod 2.0'),
  ('PM-BRAIN2-BL-67-1-C2', 'PM-PUMP-12', 1.0, 'Brainpod 2.0'),
  ('PM-BRAIN2-BL-67-1-C2', 'PM-GFCI-EXT', 1.0, 'Brainpod 2.0'),
  ('PM-BRAIN2-BL-67-1-C2', 'PM-CABLEBOX', 1.0, 'Brainpod 2.0'),
  ('PM-BRAIN2-BL-67-1-C2', 'PM-HOSE-FILTERS', 1.0, 'Brainpod 2.0'),
  ('PM-BRAIN2-BL-67-1-C2', 'PM-PILLOW-BLACK', 1.0, 'Brainpod 2.0'),
  ('PM-BRAIN2-BL-67-1-C2', 'PM-PHOLDER-BL-SUC', 1.0, 'Brainpod 2.0'),
  ('PM-BRAIN2-BL-67-1-C2', 'PM-POUCH-PARTS', 1.0, 'Brainpod 2.0'),
  ('PM-BRAIN2-BL-67-1-C2', 'PM-SKIMMER-NET', 1.0, 'Brainpod 2.0'),
  ('PM-BRAIN2-BL-67-15-C2', 'PM-BRAIN67-BL-TUB', 1.0, 'Brainpod 2.0'),
  ('PM-BRAIN2-BL-67-15-C2', 'PM-COVER-BRAIN67', 1.0, 'Brainpod 2.0'),
  ('PM-BRAIN2-BL-67-15-C2', 'PM-CHIL-EP-15-C', 1.0, 'Brainpod 2.0'),
  ('PM-BRAIN2-BL-67-15-C2', 'PM-FIL-CASE-10PM', 1.0, 'Brainpod 2.0'),
  ('PM-BRAIN2-BL-67-15-C2', 'PM-PUMP-12', 1.0, 'Brainpod 2.0'),
  ('PM-BRAIN2-BL-67-15-C2', 'PM-GFCI-EXT', 1.0, 'Brainpod 2.0'),
  ('PM-BRAIN2-BL-67-15-C2', 'PM-CABLEBOX', 1.0, 'Brainpod 2.0'),
  ('PM-BRAIN2-BL-67-15-C2', 'PM-HOSE-FILTERS', 1.0, 'Brainpod 2.0'),
  ('PM-BRAIN2-BL-67-15-C2', 'PM-PILLOW-BLACK', 1.0, 'Brainpod 2.0'),
  ('PM-BRAIN2-BL-67-15-C2', 'PM-PHOLDER-BL-SUC', 1.0, 'Brainpod 2.0'),
  ('PM-BRAIN2-BL-67-15-C2', 'PM-POUCH-PARTS', 1.0, 'Brainpod 2.0'),
  ('PM-BRAIN2-BL-67-15-C2', 'PM-SKIMMER-NET', 1.0, 'Brainpod 2.0'),
  ('PM-BRAIN2-WT-67-1-C2', 'PM-BRAIN67-WT-TUB', 1.0, 'Brainpod 2.0'),
  ('PM-BRAIN2-WT-67-1-C2', 'PM-COVER-BRAIN67', 1.0, 'Brainpod 2.0'),
  ('PM-BRAIN2-WT-67-1-C2', 'PM-CHIL-EP-10-C', 1.0, 'Brainpod 2.0'),
  ('PM-BRAIN2-WT-67-1-C2', 'PM-FIL-CASE-10PM', 1.0, 'Brainpod 2.0'),
  ('PM-BRAIN2-WT-67-1-C2', 'PM-PUMP-12', 1.0, 'Brainpod 2.0'),
  ('PM-BRAIN2-WT-67-1-C2', 'PM-GFCI-EXT', 1.0, 'Brainpod 2.0'),
  ('PM-BRAIN2-WT-67-1-C2', 'PM-CABLEBOX', 1.0, 'Brainpod 2.0'),
  ('PM-BRAIN2-WT-67-1-C2', 'PM-HOSE-FILTERS', 1.0, 'Brainpod 2.0'),
  ('PM-BRAIN2-WT-67-1-C2', 'PM-PILLOW-BLACK', 1.0, 'Brainpod 2.0'),
  ('PM-BRAIN2-WT-67-1-C2', 'PM-PHOLDER-WT-SUC', 1.0, 'Brainpod 2.0'),
  ('PM-BRAIN2-WT-67-1-C2', 'PM-POUCH-PARTS', 1.0, 'Brainpod 2.0'),
  ('PM-BRAIN2-WT-67-1-C2', 'PM-SKIMMER-NET', 1.0, 'Brainpod 2.0'),
  ('PM-BRAIN2-WT-67-15-C2', 'PM-BRAIN67-WT-TUB', 1.0, 'Brainpod 2.0'),
  ('PM-BRAIN2-WT-67-15-C2', 'PM-COVER-BRAIN67', 1.0, 'Brainpod 2.0'),
  ('PM-BRAIN2-WT-67-15-C2', 'PM-CHIL-EP-15-C', 1.0, 'Brainpod 2.0'),
  ('PM-BRAIN2-WT-67-15-C2', 'PM-FIL-CASE-10PM', 1.0, 'Brainpod 2.0'),
  ('PM-BRAIN2-WT-67-15-C2', 'PM-PUMP-12', 1.0, 'Brainpod 2.0'),
  ('PM-BRAIN2-WT-67-15-C2', 'PM-GFCI-EXT', 1.0, 'Brainpod 2.0'),
  ('PM-BRAIN2-WT-67-15-C2', 'PM-CABLEBOX', 1.0, 'Brainpod 2.0'),
  ('PM-BRAIN2-WT-67-15-C2', 'PM-HOSE-FILTERS', 1.0, 'Brainpod 2.0'),
  ('PM-BRAIN2-WT-67-15-C2', 'PM-PILLOW-BLACK', 1.0, 'Brainpod 2.0'),
  ('PM-BRAIN2-WT-67-15-C2', 'PM-PHOLDER-WT-SUC', 1.0, 'Brainpod 2.0'),
  ('PM-BRAIN2-WT-67-15-C2', 'PM-POUCH-PARTS', 1.0, 'Brainpod 2.0'),
  ('PM-BRAIN2-WT-67-15-C2', 'PM-SKIMMER-NET', 1.0, 'Brainpod 2.0'),
  ('PM-BRAIN2-BL-71-1-C2', 'PM-BRAIN71-BL-TUB', 1.0, 'Brainpod 2.0'),
  ('PM-BRAIN2-BL-71-1-C2', 'PM-COVER-BRAIN71', 1.0, 'Brainpod 2.0'),
  ('PM-BRAIN2-BL-71-1-C2', 'PM-CHIL-EP-10-C', 1.0, 'Brainpod 2.0'),
  ('PM-BRAIN2-BL-71-1-C2', 'PM-FIL-CASE-10PM', 1.0, 'Brainpod 2.0'),
  ('PM-BRAIN2-BL-71-1-C2', 'PM-PUMP-12', 1.0, 'Brainpod 2.0'),
  ('PM-BRAIN2-BL-71-1-C2', 'PM-GFCI-EXT', 1.0, 'Brainpod 2.0'),
  ('PM-BRAIN2-BL-71-1-C2', 'PM-CABLEBOX', 1.0, 'Brainpod 2.0'),
  ('PM-BRAIN2-BL-71-1-C2', 'PM-HOSE-FILTERS', 1.0, 'Brainpod 2.0'),
  ('PM-BRAIN2-BL-71-1-C2', 'PM-PILLOW-BLACK', 1.0, 'Brainpod 2.0'),
  ('PM-BRAIN2-BL-71-1-C2', 'PM-PHOLDER-BL-SUC', 1.0, 'Brainpod 2.0'),
  ('PM-BRAIN2-BL-71-1-C2', 'PM-POUCH-PARTS', 1.0, 'Brainpod 2.0'),
  ('PM-BRAIN2-BL-71-1-C2', 'PM-SKIMMER-NET', 1.0, 'Brainpod 2.0'),
  ('PM-BRAIN2-WT-71-1-C', 'PM-BRAIN71-WT-TUB', 1.0, 'Brainpod 2.0'),
  ('PM-BRAIN2-WT-71-1-C', 'PM-COVER-BRAIN71', 1.0, 'Brainpod 2.0'),
  ('PM-BRAIN2-WT-71-1-C', 'PM-CHIL-EP-10-C', 1.0, 'Brainpod 2.0'),
  ('PM-BRAIN2-WT-71-1-C', 'PM-FIL-CASE-10PM', 1.0, 'Brainpod 2.0'),
  ('PM-BRAIN2-WT-71-1-C', 'PM-PUMP-12', 1.0, 'Brainpod 2.0'),
  ('PM-BRAIN2-WT-71-1-C', 'PM-GFCI-EXT', 1.0, 'Brainpod 2.0'),
  ('PM-BRAIN2-WT-71-1-C', 'PM-CABLEBOX', 1.0, 'Brainpod 2.0'),
  ('PM-BRAIN2-WT-71-1-C', 'PM-HOSE-FILTERS', 1.0, 'Brainpod 2.0'),
  ('PM-BRAIN2-WT-71-1-C', 'PM-PILLOW-BLACK', 1.0, 'Brainpod 2.0'),
  ('PM-BRAIN2-WT-71-1-C', 'PM-PHOLDER-WT-SUC', 1.0, 'Brainpod 2.0'),
  ('PM-BRAIN2-WT-71-1-C', 'PM-POUCH-PARTS', 1.0, 'Brainpod 2.0'),
  ('PM-BRAIN2-WT-71-1-C', 'PM-SKIMMER-NET', 1.0, 'Brainpod 2.0'),
  ('PM-BRAIN2-WT-71-15-C', 'PM-BRAIN71-WT-TUB', 1.0, 'Brainpod 2.0'),
  ('PM-BRAIN2-WT-71-15-C', 'PM-COVER-BRAIN71', 1.0, 'Brainpod 2.0'),
  ('PM-BRAIN2-WT-71-15-C', 'PM-CHIL-EP-15-C', 1.0, 'Brainpod 2.0'),
  ('PM-BRAIN2-WT-71-15-C', 'PM-FIL-CASE-10PM', 1.0, 'Brainpod 2.0'),
  ('PM-BRAIN2-WT-71-15-C', 'PM-PUMP-12', 1.0, 'Brainpod 2.0'),
  ('PM-BRAIN2-WT-71-15-C', 'PM-GFCI-EXT', 1.0, 'Brainpod 2.0'),
  ('PM-BRAIN2-WT-71-15-C', 'PM-CABLEBOX', 1.0, 'Brainpod 2.0'),
  ('PM-BRAIN2-WT-71-15-C', 'PM-HOSE-FILTERS', 1.0, 'Brainpod 2.0'),
  ('PM-BRAIN2-WT-71-15-C', 'PM-PILLOW-BLACK', 1.0, 'Brainpod 2.0'),
  ('PM-BRAIN2-WT-71-15-C', 'PM-PHOLDER-WT-SUC', 1.0, 'Brainpod 2.0'),
  ('PM-BRAIN2-WT-71-15-C', 'PM-POUCH-PARTS', 1.0, 'Brainpod 2.0'),
  ('PM-BRAIN2-WT-71-15-C', 'PM-SKIMMER-NET', 1.0, 'Brainpod 2.0'),
  ('PM-CYBER-08-HC2', 'PM-CYBER-TUB', 1.0, 'Cyber Plunge'),
  ('PM-CYBER-08-HC2', 'PM-CHIL-008-HC', 1.0, 'Cyber Plunge'),
  ('PM-CYBER-08-HC2', 'PM-PILLOW-BLACK', 1.0, 'Cyber Plunge'),
  ('PM-CYBER-08-HC2', 'PM-HOSE-FILTERS', 1.0, 'Cyber Plunge'),
  ('PM-CYBER-08-HC2', 'PM-PHOLDER-BL-SUC', 1.0, 'Cyber Plunge'),
  ('PM-CYBER-08-HC2', 'PM-SKIMMER-NET', 1.0, 'Cyber Plunge'),
  ('PM-CYBER-08-HC2', 'PM-POUCH-PARTS', 1.0, 'Cyber Plunge'),
  ('PM-CYBER-10-EP-C2', 'PM-CYBER-TUB', 1.0, 'Cyber Plunge'),
  ('PM-CYBER-10-EP-C2', 'PM-CHIL-EP-10-C', 1.0, 'Cyber Plunge'),
  ('PM-CYBER-10-EP-C2', 'PM-FIL-CASE-10PM', 1.0, 'Cyber Plunge'),
  ('PM-CYBER-10-EP-C2', 'PM-PUMP-12', 1.0, 'Cyber Plunge'),
  ('PM-CYBER-10-EP-C2', 'PM-GFCI-EXT', 1.0, 'Cyber Plunge'),
  ('PM-CYBER-10-EP-C2', 'PM-CABLEBOX', 1.0, 'Cyber Plunge'),
  ('PM-CYBER-10-EP-C2', 'PM-HOSE-FILTERS', 1.0, 'Cyber Plunge'),
  ('PM-CYBER-10-EP-C2', 'PM-PILLOW-BLACK', 1.0, 'Cyber Plunge'),
  ('PM-CYBER-10-EP-C2', 'PM-PHOLDER-BL-SUC', 1.0, 'Cyber Plunge'),
  ('PM-CYBER-10-EP-C2', 'PM-POUCH-PARTS', 1.0, 'Cyber Plunge'),
  ('PM-CYBER-10-EP-C2', 'PM-SKIMMER-NET', 1.0, 'Cyber Plunge'),
  ('PM-CYBER-15-EP-C2', 'PM-CYBER-TUB', 1.0, 'Cyber Plunge'),
  ('PM-CYBER-15-EP-C2', 'PM-CHIL-EP-15-C', 1.0, 'Cyber Plunge'),
  ('PM-CYBER-15-EP-C2', 'PM-FIL-CASE-10PM', 1.0, 'Cyber Plunge'),
  ('PM-CYBER-15-EP-C2', 'PM-PUMP-12', 1.0, 'Cyber Plunge'),
  ('PM-CYBER-15-EP-C2', 'PM-GFCI-EXT', 1.0, 'Cyber Plunge'),
  ('PM-CYBER-15-EP-C2', 'PM-CABLEBOX', 1.0, 'Cyber Plunge'),
  ('PM-CYBER-15-EP-C2', 'PM-HOSE-FILTERS', 1.0, 'Cyber Plunge'),
  ('PM-CYBER-15-EP-C2', 'PM-PILLOW-BLACK', 1.0, 'Cyber Plunge'),
  ('PM-CYBER-15-EP-C2', 'PM-PHOLDER-BL-SUC', 1.0, 'Cyber Plunge'),
  ('PM-CYBER-15-EP-C2', 'PM-POUCH-PARTS', 1.0, 'Cyber Plunge'),
  ('PM-CYBER-15-EP-C2', 'PM-SKIMMER-NET', 1.0, 'Cyber Plunge'),
  ('PM-CYBER-BARREL-08-HC2', 'PM-CYBER-BARREL-TUB', 1.0, 'Cyber Barrel'),
  ('PM-CYBER-BARREL-08-HC2', 'PM-CHIL-008-HC', 1.0, 'Cyber Barrel'),
  ('PM-CYBER-BARREL-08-HC2', 'PM-HOSE-FILTERS', 1.0, 'Cyber Barrel'),
  ('PM-CYBER-BARREL-08-HC2', 'PM-PHOLDER-BL-CLAMP', 1.0, 'Cyber Barrel'),
  ('PM-CYBER-BARREL-08-HC2', 'PM-SKIMMER-NET', 1.0, 'Cyber Barrel'),
  ('PM-CYBER-BARREL-08-HC2', 'PM-POUCH-PARTS', 1.0, 'Cyber Barrel'),
  ('PM-CYBER-BARREL-BL-08-HC2', 'PM-CYBER-BARREL-BL', 1.0, 'Cyber Barrel'),
  ('PM-CYBER-BARREL-BL-08-HC2', 'PM-CHIL-008-HC', 1.0, 'Cyber Barrel'),
  ('PM-CYBER-BARREL-BL-08-HC2', 'PM-HOSE-FILTERS', 1.0, 'Cyber Barrel'),
  ('PM-CYBER-BARREL-BL-08-HC2', 'PM-PHOLDER-BL-CLAMP', 1.0, 'Cyber Barrel'),
  ('PM-CYBER-BARREL-BL-08-HC2', 'PM-SKIMMER-NET', 1.0, 'Cyber Barrel'),
  ('PM-CYBER-BARREL-BL-08-HC2', 'PM-POUCH-PARTS', 1.0, 'Cyber Barrel'),
  ('PM-CYBER-BARREL-10-EP-C2', 'PM-CYBER-BARREL-TUB', 1.0, 'Cyber Barrel'),
  ('PM-CYBER-BARREL-10-EP-C2', 'PM-CHIL-EP-10-C', 1.0, 'Cyber Barrel'),
  ('PM-CYBER-BARREL-10-EP-C2', 'PM-FIL-CASE-10PM', 1.0, 'Cyber Barrel'),
  ('PM-CYBER-BARREL-10-EP-C2', 'PM-PUMP-12', 1.0, 'Cyber Barrel'),
  ('PM-CYBER-BARREL-10-EP-C2', 'PM-GFCI-EXT', 1.0, 'Cyber Barrel'),
  ('PM-CYBER-BARREL-10-EP-C2', 'PM-CABLEBOX', 1.0, 'Cyber Barrel'),
  ('PM-CYBER-BARREL-10-EP-C2', 'PM-HOSE-FILTERS', 1.0, 'Cyber Barrel'),
  ('PM-CYBER-BARREL-10-EP-C2', 'PM-PHOLDER-BL-CLAMP', 1.0, 'Cyber Barrel'),
  ('PM-CYBER-BARREL-10-EP-C2', 'PM-POUCH-PARTS', 1.0, 'Cyber Barrel'),
  ('PM-CYBER-BARREL-10-EP-C2', 'PM-SKIMMER-NET', 1.0, 'Cyber Barrel'),
  ('PM-CYBER-BARREL-15-EP-C2', 'PM-CYBER-BARREL-TUB', 1.0, 'Cyber Barrel'),
  ('PM-CYBER-BARREL-15-EP-C2', 'PM-CHIL-EP-15-C', 1.0, 'Cyber Barrel'),
  ('PM-CYBER-BARREL-15-EP-C2', 'PM-FIL-CASE-10PM', 1.0, 'Cyber Barrel'),
  ('PM-CYBER-BARREL-15-EP-C2', 'PM-PUMP-12', 1.0, 'Cyber Barrel'),
  ('PM-CYBER-BARREL-15-EP-C2', 'PM-GFCI-EXT', 1.0, 'Cyber Barrel'),
  ('PM-CYBER-BARREL-15-EP-C2', 'PM-CABLEBOX', 1.0, 'Cyber Barrel'),
  ('PM-CYBER-BARREL-15-EP-C2', 'PM-HOSE-FILTERS', 1.0, 'Cyber Barrel'),
  ('PM-CYBER-BARREL-15-EP-C2', 'PM-PHOLDER-BL-CLAMP', 1.0, 'Cyber Barrel'),
  ('PM-CYBER-BARREL-15-EP-C2', 'PM-POUCH-PARTS', 1.0, 'Cyber Barrel'),
  ('PM-CYBER-BARREL-15-EP-C2', 'PM-SKIMMER-NET', 1.0, 'Cyber Barrel'),
  ('PM-CYBER-BARREL-BL-10-EP-C2', 'PM-CYBER-BARREL-BL', 1.0, 'Cyber Barrel'),
  ('PM-CYBER-BARREL-BL-10-EP-C2', 'PM-CHIL-EP-10-C', 1.0, 'Cyber Barrel'),
  ('PM-CYBER-BARREL-BL-10-EP-C2', 'PM-FIL-CASE-10PM', 1.0, 'Cyber Barrel'),
  ('PM-CYBER-BARREL-BL-10-EP-C2', 'PM-PUMP-12', 1.0, 'Cyber Barrel'),
  ('PM-CYBER-BARREL-BL-10-EP-C2', 'PM-GFCI-EXT', 1.0, 'Cyber Barrel'),
  ('PM-CYBER-BARREL-BL-10-EP-C2', 'PM-CABLEBOX', 1.0, 'Cyber Barrel'),
  ('PM-CYBER-BARREL-BL-10-EP-C2', 'PM-HOSE-FILTERS', 1.0, 'Cyber Barrel'),
  ('PM-CYBER-BARREL-BL-10-EP-C2', 'PM-PILLOW-BLACK', 1.0, 'Cyber Barrel'),
  ('PM-CYBER-BARREL-BL-10-EP-C2', 'PM-PHOLDER-BL-CLAMP', 1.0, 'Cyber Barrel'),
  ('PM-CYBER-BARREL-BL-10-EP-C2', 'PM-POUCH-PARTS', 1.0, 'Cyber Barrel'),
  ('PM-CYBER-BARREL-BL-10-EP-C2', 'PM-SKIMMER-NET', 1.0, 'Cyber Barrel'),
  ('PM-CYBER-BARREL-BL-15-EP-C2', 'PM-CYBER-BARREL-BL', 1.0, 'Cyber Barrel'),
  ('PM-CYBER-BARREL-BL-15-EP-C2', 'PM-CHIL-EP-15-C', 1.0, 'Cyber Barrel'),
  ('PM-CYBER-BARREL-BL-15-EP-C2', 'PM-FIL-CASE-10PM', 1.0, 'Cyber Barrel'),
  ('PM-CYBER-BARREL-BL-15-EP-C2', 'PM-PUMP-12', 1.0, 'Cyber Barrel'),
  ('PM-CYBER-BARREL-BL-15-EP-C2', 'PM-GFCI-EXT', 1.0, 'Cyber Barrel'),
  ('PM-CYBER-BARREL-BL-15-EP-C2', 'PM-CABLEBOX', 1.0, 'Cyber Barrel'),
  ('PM-CYBER-BARREL-BL-15-EP-C2', 'PM-HOSE-FILTERS', 1.0, 'Cyber Barrel'),
  ('PM-CYBER-BARREL-BL-15-EP-C2', 'PM-PHOLDER-BL-CLAMP', 1.0, 'Cyber Barrel'),
  ('PM-CYBER-BARREL-BL-15-EP-C2', 'PM-POUCH-PARTS', 1.0, 'Cyber Barrel'),
  ('PM-CYBER-BARREL-BL-15-EP-C2', 'PM-SKIMMER-NET', 1.0, 'Cyber Barrel'),
  ('PM-ST2-WD-008-HC2', 'PM-ST-WD-TUB', 1.0, 'Star Treatment 2.0'),
  ('PM-ST2-WD-008-HC2', 'PM-CHIL-008-HC', 1.0, 'Star Treatment 2.0'),
  ('PM-ST2-WD-008-HC2', 'PM-HOSE-FILTERS', 1.0, 'Star Treatment 2.0'),
  ('PM-ST2-WD-008-HC2', 'PM-PHOLDER-WT-CLAMP', 1.0, 'Star Treatment 2.0'),
  ('PM-ST2-WD-008-HC2', 'PM-SKIMMER-NET', 1.0, 'Star Treatment 2.0'),
  ('PM-ST2-WD-008-HC2', 'PM-POUCH-PARTS', 1.0, 'Star Treatment 2.0'),
  ('PM-ST2-WD-10-C2', 'PM-ST-WD-TUB', 1.0, 'Star Treatment 2.0'),
  ('PM-ST2-WD-10-C2', 'PM-CHIL-EP-10-C', 1.0, 'Star Treatment 2.0'),
  ('PM-ST2-WD-10-C2', 'PM-FIL-CASE-10PM', 1.0, 'Star Treatment 2.0'),
  ('PM-ST2-WD-10-C2', 'PM-PUMP-12', 1.0, 'Star Treatment 2.0'),
  ('PM-ST2-WD-10-C2', 'PM-GFCI-EXT', 1.0, 'Star Treatment 2.0'),
  ('PM-ST2-WD-10-C2', 'PM-CABLEBOX', 1.0, 'Star Treatment 2.0'),
  ('PM-ST2-WD-10-C2', 'PM-HOSE-FILTERS', 1.0, 'Star Treatment 2.0'),
  ('PM-ST2-WD-10-C2', 'PM-PHOLDER-BL-CLAMP', 1.0, 'Star Treatment 2.0'),
  ('PM-ST2-WD-10-C2', 'PM-POUCH-PARTS', 1.0, 'Star Treatment 2.0'),
  ('PM-ST2-WD-10-C2', 'PM-SKIMMER-NET', 1.0, 'Star Treatment 2.0'),
  ('PM-ST2-WD-15-C2', 'PM-ST-WD-TUB', 1.0, 'Star Treatment 2.0'),
  ('PM-ST2-WD-15-C2', 'PM-CHIL-EP-15-C', 1.0, 'Star Treatment 2.0'),
  ('PM-ST2-WD-15-C2', 'PM-FIL-CASE-10PM', 1.0, 'Star Treatment 2.0'),
  ('PM-ST2-WD-15-C2', 'PM-PUMP-12', 1.0, 'Star Treatment 2.0'),
  ('PM-ST2-WD-15-C2', 'PM-GFCI-EXT', 1.0, 'Star Treatment 2.0'),
  ('PM-ST2-WD-15-C2', 'PM-CABLEBOX', 1.0, 'Star Treatment 2.0'),
  ('PM-ST2-WD-15-C2', 'PM-HOSE-FILTERS', 1.0, 'Star Treatment 2.0'),
  ('PM-ST2-WD-15-C2', 'PM-PHOLDER-BL-CLAMP', 1.0, 'Star Treatment 2.0'),
  ('PM-ST2-WD-15-C2', 'PM-POUCH-PARTS', 1.0, 'Star Treatment 2.0'),
  ('PM-ST2-WD-15-C2', 'PM-SKIMMER-NET', 1.0, 'Star Treatment 2.0'),
  ('PM-ST2-GR-008-HC2', 'PM-ST-GR-TUB', 1.0, 'Star Treatment 2.0'),
  ('PM-ST2-GR-008-HC2', 'PM-CHIL-008-HC', 1.0, 'Star Treatment 2.0'),
  ('PM-ST2-GR-008-HC2', 'PM-HOSE-FILTERS', 1.0, 'Star Treatment 2.0'),
  ('PM-ST2-GR-008-HC2', 'PM-PHOLDER-WT-CLAMP', 1.0, 'Star Treatment 2.0'),
  ('PM-ST2-GR-008-HC2', 'PM-SKIMMER-NET', 1.0, 'Star Treatment 2.0'),
  ('PM-ST2-GR-008-HC2', 'PM-POUCH-PARTS', 1.0, 'Star Treatment 2.0'),
  ('PM-ST2-GR-10-C2', 'PM-ST-GR-TUB', 1.0, 'Star Treatment 2.0'),
  ('PM-ST2-GR-10-C2', 'PM-CHIL-EP-10-C', 1.0, 'Star Treatment 2.0'),
  ('PM-ST2-GR-10-C2', 'PM-FIL-CASE-10PM', 1.0, 'Star Treatment 2.0'),
  ('PM-ST2-GR-10-C2', 'PM-PUMP-12', 1.0, 'Star Treatment 2.0'),
  ('PM-ST2-GR-10-C2', 'PM-GFCI-EXT', 1.0, 'Star Treatment 2.0'),
  ('PM-ST2-GR-10-C2', 'PM-CABLEBOX', 1.0, 'Star Treatment 2.0'),
  ('PM-ST2-GR-10-C2', 'PM-HOSE-FILTERS', 1.0, 'Star Treatment 2.0'),
  ('PM-ST2-GR-10-C2', 'PM-PHOLDER-BL-CLAMP', 1.0, 'Star Treatment 2.0'),
  ('PM-ST2-GR-10-C2', 'PM-POUCH-PARTS', 1.0, 'Star Treatment 2.0'),
  ('PM-ST2-GR-10-C2', 'PM-SKIMMER-NET', 1.0, 'Star Treatment 2.0'),
  ('PM-ST2-GR-15-C2', 'PM-ST-GR-TUB', 1.0, 'Star Treatment 2.0'),
  ('PM-ST2-GR-15-C2', 'PM-CHIL-EP-15-C', 1.0, 'Star Treatment 2.0'),
  ('PM-ST2-GR-15-C2', 'PM-FIL-CASE-10PM', 1.0, 'Star Treatment 2.0'),
  ('PM-ST2-GR-15-C2', 'PM-PUMP-12', 1.0, 'Star Treatment 2.0'),
  ('PM-ST2-GR-15-C2', 'PM-GFCI-EXT', 1.0, 'Star Treatment 2.0'),
  ('PM-ST2-GR-15-C2', 'PM-CABLEBOX', 1.0, 'Star Treatment 2.0'),
  ('PM-ST2-GR-15-C2', 'PM-HOSE-FILTERS', 1.0, 'Star Treatment 2.0'),
  ('PM-ST2-GR-15-C2', 'PM-PHOLDER-BL-CLAMP', 1.0, 'Star Treatment 2.0'),
  ('PM-ST2-GR-15-C2', 'PM-POUCH-PARTS', 1.0, 'Star Treatment 2.0'),
  ('PM-ST2-GR-15-C2', 'PM-SKIMMER-NET', 1.0, 'Star Treatment 2.0'),
  ('PM-CONTRAST-008-HC', 'PM-CONTRAST-TUB', 1.0, 'Contrast Edition'),
  ('PM-CONTRAST-008-HC', 'PM-CHIL-008-HC', 1.0, 'Contrast Edition'),
  ('PM-CONTRAST-008-HC', 'PM-PILLOW-BLACK', 1.0, 'Contrast Edition'),
  ('PM-CONTRAST-008-HC', 'PM-SKIMMER-NET', 1.0, 'Contrast Edition'),
  ('PM-CONTRAST-008-HC', 'PM-POUCH-PARTS', 1.0, 'Contrast Edition'),
  ('PM-CONTRAST-008-HC', 'PM-PHOLDER-BL-SUC', 1.0, 'Contrast Edition'),
  ('PM-CONTRAST-008-HC', 'PM-PHOLDER-BL-CLAMP', 1.0, 'Contrast Edition'),
  ('PM-CONTRAST-15-HC', 'PM-CONTRAST-TUB', 1.0, 'Contrast Edition'),
  ('PM-CONTRAST-15-HC', 'PM-CHIL-EP-15-C', 1.0, 'Contrast Edition'),
  ('PM-CONTRAST-15-HC', 'PM-FIL-CASE-10PM', 1.0, 'Contrast Edition'),
  ('PM-CONTRAST-15-HC', 'PM-PUMP-12', 1.0, 'Contrast Edition'),
  ('PM-CONTRAST-15-HC', 'PM-GFCI-EXT', 1.0, 'Contrast Edition'),
  ('PM-CONTRAST-15-HC', 'PM-CABLEBOX', 1.0, 'Contrast Edition'),
  ('PM-CONTRAST-15-HC', 'PM-HOSE-FILTERS', 1.0, 'Contrast Edition'),
  ('PM-CONTRAST-15-HC', 'PM-CHIL-008-HC', 1.0, 'Contrast Edition'),
  ('PM-CONTRAST-15-HC', 'PM-SKIMMER-NET', 1.0, 'Contrast Edition'),
  ('PM-CONTRAST-15-HC', 'PM-POUCH-PARTS', 1.0, 'Contrast Edition'),
  ('PM-CONTRAST-15-HC', 'PM-PHOLDER-BL-CLAMP', 1.0, 'Contrast Edition'),
  ('PM-CONTRAST-15-HC', 'PM-PHOLDER-BL-SUC', 1.0, 'Contrast Edition'),
  ('PM-PORTAL2-BL-5-008-HC2', 'PM-POR-5F-TUB', 1.0, 'Portal 2.0'),
  ('PM-PORTAL2-BL-5-008-HC2', 'PM-CHIL-008-HC', 1.0, 'Portal 2.0'),
  ('PM-PORTAL2-BL-5-1-C', 'PM-POR-5F-TUB', 1.0, 'Portal 2.0'),
  ('PM-PORTAL2-BL-5-1-C', 'PM-CHIL-EP-10-C', 1.0, 'Commercial System'),
  ('PM-PORTAL2-BL-5-1-C', 'PM-FIL-CASE-10PM', 1.0, 'Commercial System'),
  ('PM-PORTAL2-BL-5-1-C', 'PM-PUMP-10', 1.0, 'Commercial System'),
  ('PM-PORTAL2-BL-5-1-C', 'PM-GFCI-EXT', 1.0, 'Commercial System'),
  ('PM-PORTAL2-BL-5-1-C', 'PM-CABLEBOX', 1.0, 'Commercial System'),
  ('PM-EP-COM-SYSTEM', 'PM-CHIL-EP-10-C', 1.0, 'Commercial System'),
  ('PM-EP-COM-SYSTEM', 'PM-FIL-CASE-10PM', 1.0, 'Commercial System'),
  ('PM-EP-COM-SYSTEM', 'PM-PUMP-10', 1.0, 'Commercial System'),
  ('PM-EP-COM-SYSTEM', 'PM-GFCI-EXT', 1.0, 'Commercial System'),
  ('PM-EP-COM-SYSTEM', 'PM-CABLEBOX', 1.0, 'Commercial System'),
  ('PM-EP-COM-SYSTEM-15', 'PM-CHIL-EP-15-C', 1.0, 'Commercial System'),
  ('PM-EP-COM-SYSTEM-15', 'PM-FIL-CASE-10PM', 1.0, 'Commercial System'),
  ('PM-EP-COM-SYSTEM-15', 'PM-PUMP-10', 1.0, 'Commercial System'),
  ('PM-EP-COM-SYSTEM-15', 'PM-GFCI-EXT', 1.0, 'Commercial System'),
  ('PM-EP-COM-SYSTEM-15', 'PM-CABLEBOX', 1.0, 'Commercial System'),
  ('PM-CAREKIT-6MSK-6F-COM', 'PM-SIR-DOWN-STANDARD', 1.0, 'Care Kit'),
  ('PM-CAREKIT-6MSK-6F-COM', 'PM-SIR-MC', 1.0, 'Care Kit'),
  ('PM-CAREKIT-6MSK-6F-COM', 'PM-SIR-OXI-STANDARD', 1.0, 'Care Kit'),
  ('PM-CAREKIT-6MSK-6F-COM', 'PM-SIR-SANIT-STANDARD', 1.0, 'Care Kit'),
  ('PM-CAREKIT-6MSK-6F-COM', 'PM-SIR-STRIPS-STANDARD', 1.0, 'Care Kit'),
  ('PM-CAREKIT-6MSK-6F-COM', 'PM-SIR-UP-STANDARD', 1.0, 'Care Kit'),
  ('PM-CAREKIT-6MSK-6F-COM', 'PM-FIL-PM001', 2.0, 'Care Kit'),
  ('PM-CAREKIT-6MSK-6F-PRO', 'PM-SIR-DOWN-STANDARD', 1.0, 'Care Kit'),
  ('PM-CAREKIT-6MSK-6F-PRO', 'PM-SIR-MC', 1.0, 'Care Kit'),
  ('PM-CAREKIT-6MSK-6F-PRO', 'PM-SIR-OXI-STANDARD', 1.0, 'Care Kit'),
  ('PM-CAREKIT-6MSK-6F-PRO', 'PM-SIR-SANIT-STANDARD', 1.0, 'Care Kit'),
  ('PM-CAREKIT-6MSK-6F-PRO', 'PM-SIR-STRIPS-STANDARD', 1.0, 'Care Kit'),
  ('PM-CAREKIT-6MSK-6F-PRO', 'PM-SIR-UP-STANDARD', 1.0, 'Care Kit'),
  ('PM-CAREKIT-6MSK-6F-PRO', 'PM-FIL-PM008', 6.0, 'Care Kit'),
  ('PM-CAREKIT-6MSK-6F-STD', 'PM-SIR-MC', 1.0, 'Care Kit'),
  ('PM-CAREKIT-6MSK-6F-STD', 'PM-SIR-OXI-STANDARD', 1.0, 'Care Kit'),
  ('PM-CAREKIT-6MSK-6F-STD', 'PM-SIR-SANIT-STANDARD', 1.0, 'Care Kit'),
  ('PM-CAREKIT-6MSK-6F-STD', 'PM-SIR-STRIPS-STANDARD', 1.0, 'Care Kit'),
  ('PM-CAREKIT-6MSK-6F-STD', 'PM-SIR-UP-STANDARD', 1.0, 'Care Kit'),
  ('PM-CAREKIT-6MSK-6F-STD', 'PM-FIL-PM006', 6.0, 'Care Kit'),
  ('PM-SIR-6M-RES', 'PM-SIR-DOWN-STANDARD', 1.0, 'Sanitation Kit'),
  ('PM-SIR-6M-RES', 'PM-SIR-MC', 1.0, 'Sanitation Kit'),
  ('PM-SIR-6M-RES', 'PM-SIR-OXI-STANDARD', 1.0, 'Sanitation Kit'),
  ('PM-SIR-6M-RES', 'PM-SIR-SANIT-STANDARD', 1.0, 'Sanitation Kit'),
  ('PM-SIR-6M-RES', 'PM-SIR-STRIPS-STANDARD', 1.0, 'Sanitation Kit'),
  ('PM-SIR-6M-RES', 'PM-SIR-UP-STANDARD', 1.0, 'Sanitation Kit'),
  ('PM-FIL-PM001-x2', 'PM-FIL-PM001', 2.0, 'Filter Pack'),
  ('PM-FIL-PM001-x4', 'PM-FIL-PM001', 4.0, 'Filter Pack'),
  ('PM-FIL-PM006-x3', 'PM-FIL-PM006', 3.0, 'Filter Pack'),
  ('PM-FIL-PM006-x6', 'PM-FIL-PM006', 6.0, 'Filter Pack'),
  ('PM-FIL-PM008-x3', 'PM-FIL-PM008', 3.0, 'Filter Pack'),
  ('PM-FIL-PM008-x6', 'PM-FIL-PM008', 6.0, 'Filter Pack'),
  ('PM-FIL-PM008-x12', 'PM-FIL-PM008', 12.0, 'Filter Pack'),
  ('PM-HOSE-FILTERS-x2', 'PM-HOSE-FILTERS', 2.0, 'Hose Filter Pack')
ON CONFLICT (kit_sku, component_sku) DO UPDATE SET qty_per_kit = EXCLUDED.qty_per_kit;

-- PURCHASE_PARAMS
INSERT INTO purchase_params (sku, lead_time_weeks, coverage_target_months, growth_factor, moq, supplier) VALUES
  ('PM-CHIL-008-HC', 12, 3.0, 1.4, 1, 'SV'),
  ('PM-CHIL-EP-10-C', 12, 3.0, 1.4, 1, 'HAW'),
  ('PM-CHIL-EP-15-C', 12, 3.0, 1.4, 1, 'HAW'),
  ('PM-CHIL-PM-10-C', 12, 3.0, 1.4, 1, 'HAW'),
  ('PM-CHIL-008-HC-220', 12, 3.0, 1.4, 1, 'SV'),
  ('PM-BRAIN67-BL-TUB', 12, 3.0, 1.4, 1, 'GUGU'),
  ('PM-BRAIN67-WT-TUB', 12, 3.0, 1.4, 1, 'GUGU'),
  ('PM-BRAIN71-BL-TUB', 12, 3.0, 1.4, 1, 'GUGU'),
  ('PM-BRAIN71-WT-TUB', 12, 3.0, 1.4, 1, 'GUGU'),
  ('PM-BRAIN71-BL-TUB-GLOSS', 12, 3.0, 1.4, 1, 'GUGU'),
  ('PM-BRAIN71-MV-BL-TUB', 12, 3.0, 1.4, 1, 'GUGU'),
  ('PM-CYBER-TUB', 12, 3.0, 1.4, 1, 'GUGU'),
  ('PM-CYBER-BARREL-TUB', 12, 3.0, 1.4, 1, 'HIM'),
  ('PM-CYBER-BARREL-BL', 12, 3.0, 1.4, 1, 'HIM'),
  ('PM-ST-WD-TUB', 12, 3.0, 1.4, 1, 'HIM'),
  ('PM-ST-GR-TUB', 12, 3.0, 1.4, 1, 'HIM'),
  ('PM-STONESTEEL-BL-TUB', 12, 3.0, 1.4, 1, 'HIM'),
  ('PM-STONESTEEL-GR-TUB', 12, 3.0, 1.4, 1, 'HIM'),
  ('PM-CONTRAST-TUB', 12, 3.0, 1.4, 1, 'HIM'),
  ('PM-POR-5F-TUB', 12, 3.0, 1.4, 1, 'TAR'),
  ('PM-POR-6F-TUB', 12, 3.0, 1.4, 1, 'TAR'),
  ('PM-COVER-BRAIN67', 12, 3.0, 1.4, 1, 'GUGU'),
  ('PM-COVER-BRAIN67-USA', 12, 3.0, 1.4, 1, 'GUGU'),
  ('PM-COVER-BRAIN71', 12, 3.0, 1.4, 1, 'GUGU'),
  ('PM-COVER-CYBER-TUB', 12, 3.0, 1.4, 1, 'GUGU'),
  ('PM-COVER-CYBER-BARREL', 12, 3.0, 1.4, 1, 'HIM'),
  ('PM-COVER-PORTAL-5', 12, 3.0, 1.4, 1, 'SC'),
  ('PM-COVER-PORTAL-6', 12, 3.0, 1.4, 1, 'SC'),
  ('PM-COVER-ST-GR', 12, 3.0, 1.4, 1, 'HIM'),
  ('PM-FIL-PM001', 12, 3.0, 1.4, 1, 'DAR'),
  ('PM-FIL-PM006', 12, 3.0, 1.4, 1, 'DAR'),
  ('PM-FIL-PM008', 12, 3.0, 1.4, 1, 'DAR'),
  ('PM-FIL-CASE-06', 12, 3.0, 1.4, 1, 'SV'),
  ('PM-FIL-CASE-08', 12, 3.0, 1.4, 1, 'SV'),
  ('PM-FIL-CASE-10PM', 12, 3.0, 1.4, 1, 'DAR'),
  ('PM-FIL-CASE-10PM-LID', 12, 3.0, 1.4, 1, 'DAR'),
  ('PM-FIL-CASE-10PM-RES', 12, 3.0, 1.4, 1, 'SV'),
  ('PM-PUMP-10', 12, 3.0, 1.4, 1, 'HAW'),
  ('PM-PUMP-12', 12, 3.0, 1.4, 1, 'HAW'),
  ('PM-PUMP-15', 12, 3.0, 1.4, 1, 'HAW'),
  ('PM-PILLOW-BLACK', 12, 3.0, 1.4, 1, 'NING'),
  ('PM-HOSE-FILTERS', 12, 3.0, 1.4, 1, 'WAT'),
  ('PM-HOSE-SET', 12, 3.0, 1.4, 1, 'NING'),
  ('PM-PHOLDER-BL-SUC', 12, 3.0, 1.4, 1, 'NING'),
  ('PM-PHOLDER-BL-CLAMP', 12, 3.0, 1.4, 1, 'NING'),
  ('PM-PHOLDER-WT-SUC', 12, 3.0, 1.4, 1, 'NING'),
  ('PM-PHOLDER-WT-CLAMP', 12, 3.0, 1.4, 1, 'NING'),
  ('PM-SKIMMER-NET', 12, 3.0, 1.4, 1, 'WES'),
  ('PM-POUCH-PARTS', 12, 3.0, 1.4, 1, 'UP'),
  ('PM-POUCH-SK', 12, 3.0, 1.4, 1, 'UP'),
  ('PM-PRE-FILTER', 12, 3.0, 1.4, 1, 'SV'),
  ('PM-GFCI-EXT', 12, 3.0, 1.4, 1, 'ALI'),
  ('PM-CABLEBOX', 12, 3.0, 1.4, 1, 'ALI'),
  ('PM-SIR-OXI-STANDARD', 12, 3.0, 1.4, 1, 'SIR'),
  ('PM-SIR-SANIT-STANDARD', 12, 3.0, 1.4, 1, 'SIR'),
  ('PM-SIR-STRIPS-STANDARD', 12, 3.0, 1.4, 1, 'SIR'),
  ('PM-SIR-STRIPS-COM', 12, 3.0, 1.4, 1, 'SIR'),
  ('PM-SIR-DOWN-STANDARD', 12, 3.0, 1.4, 1, 'SIR'),
  ('PM-SIR-UP-STANDARD', 12, 3.0, 1.4, 1, 'SIR'),
  ('PM-SIR-ALK-UP-COM', 12, 3.0, 1.4, 1, 'SIR'),
  ('PM-SIR-CLAR-COM', 12, 3.0, 1.4, 1, 'SIR'),
  ('PM-SIR-REPL-COM', 12, 3.0, 1.4, 1, 'SIR'),
  ('PM-SIR-MC', 12, 3.0, 1.4, 1, 'SIR')
ON CONFLICT (sku) DO UPDATE SET lead_time_weeks = EXCLUDED.lead_time_weeks, coverage_target_months = EXCLUDED.coverage_target_months, growth_factor = EXCLUDED.growth_factor, moq = EXCLUDED.moq, supplier = EXCLUDED.supplier;